Designator,Mid X,Mid Y,Rotation,Layer
DECAP1,8.0,-24.0,90.0,top
GENBLK2[0].U_DECAP.C,19.525,-18.0,90.0,top
GENBLK2[10].U_DECAP.C,19.525,-58.0,90.0,top
GENBLK2[11].U_DECAP.C,19.525,-62.0,270.0,top
GENBLK2[12].U_DECAP.C,19.525,-66.0,90.0,top
GENBLK2[13].U_DECAP.C,19.525,-70.0,270.0,top
GENBLK2[14].U_DECAP.C,19.525,-74.0,90.0,top
GENBLK2[15].U_DECAP.C,19.525,-78.0,270.0,top
GENBLK2[1].U_DECAP.C,19.525,-22.0,270.0,top
GENBLK2[2].U_DECAP.C,19.525,-26.0,90.0,top
GENBLK2[3].U_DECAP.C,19.525,-30.0,270.0,top
GENBLK2[4].U_DECAP.C,19.525,-34.0,90.0,top
GENBLK2[5].U_DECAP.C,19.525,-38.0,270.0,top
GENBLK2[6].U_DECAP.C,19.525,-42.0,90.0,top
GENBLK2[7].U_DECAP.C,19.525,-46.0,270.0,top
GENBLK2[8].U_DECAP.C,19.525,-50.0,90.0,top
GENBLK2[9].U_DECAP.C,19.525,-54.0,270.0,top
JP1,2.92525,-48.0,270.0,top
JP2,12.0,-48.13,0.0,top
JSUPPLY1,3.0,-25.27,0.0,top
U_COMP._092_.N1,21.0,-21.0,180.0,top
U_COMP._092_.P1,21.0,-23.0,0.0,top
U_COMP._093_.N1,21.0,-29.0,180.0,top
U_COMP._093_.P1,21.0,-31.0,0.0,top
U_COMP._094_.N1,21.0,-51.0,0.0,top
U_COMP._094_.P1,21.0,-49.0,180.0,top
U_COMP._095_.N1,21.0,-59.0,0.0,top
U_COMP._095_.P1,21.0,-57.0,180.0,top
U_COMP._096_.N1,31.0,-69.0,180.0,top
U_COMP._096_.P1,31.0,-71.0,0.0,top
U_COMP._097_.N1,21.0,-77.0,180.0,top
U_COMP._097_.N2,23.0,-77.0,180.0,top
U_COMP._097_.N3,25.0,-77.0,180.0,top
U_COMP._097_.P1,21.0,-79.0,0.0,top
U_COMP._097_.P2,23.0,-79.0,0.0,top
U_COMP._097_.P3,25.0,-79.0,0.0,top
U_COMP._098_.N1,21.0,-69.0,180.0,top
U_COMP._098_.N2,23.0,-69.0,180.0,top
U_COMP._098_.N3,25.0,-69.0,180.0,top
U_COMP._098_.P1,21.0,-71.0,0.0,top
U_COMP._098_.P2,23.0,-71.0,0.0,top
U_COMP._098_.P3,25.0,-71.0,0.0,top
U_COMP._099_.N1,29.0,-67.0,0.0,top
U_COMP._099_.N2,31.0,-67.0,0.0,top
U_COMP._099_.P1,29.0,-65.0,180.0,top
U_COMP._099_.P2,31.0,-65.0,180.0,top
U_COMP._100_.N1,27.0,-69.0,180.0,top
U_COMP._100_.N2,29.0,-69.0,180.0,top
U_COMP._100_.P1,27.0,-71.0,0.0,top
U_COMP._100_.P2,29.0,-71.0,0.0,top
U_COMP._101_.N1,22.0,-75.0,0.0,top
U_COMP._101_.N2,24.0,-75.0,0.0,top
U_COMP._101_.N3,26.0,-75.0,0.0,top
U_COMP._101_.N4,28.0,-75.0,0.0,top
U_COMP._101_.N5,30.0,-75.0,0.0,top
U_COMP._101_.P1,22.0,-73.0,180.0,top
U_COMP._101_.P2,26.0,-73.0,180.0,top
U_COMP._101_.P3,24.0,-73.0,180.0,top
U_COMP._101_.P4,28.0,-73.0,180.0,top
U_COMP._101_.P5,30.0,-73.0,180.0,top
U_COMP._102_.NAND1.N1,27.0,-77.0,180.0,top
U_COMP._102_.NAND1.N2,29.0,-77.0,180.0,top
U_COMP._102_.NAND1.N3,31.0,-77.0,180.0,top
U_COMP._102_.NAND1.P1,27.0,-79.0,0.0,top
U_COMP._102_.NAND1.P2,29.0,-79.0,0.0,top
U_COMP._102_.NAND1.P3,31.0,-79.0,0.0,top
U_COMP._102_.NOT1.N1,33.0,-77.0,180.0,top
U_COMP._102_.NOT1.P1,33.0,-79.0,0.0,top
U_COMP._103_.N1,21.0,-61.0,180.0,top
U_COMP._103_.N2,23.0,-61.0,180.0,top
U_COMP._103_.P1,21.0,-63.0,0.0,top
U_COMP._103_.P2,23.0,-63.0,0.0,top
U_COMP._104_.N1,31.0,-53.0,180.0,top
U_COMP._104_.N2,33.0,-53.0,180.0,top
U_COMP._104_.P1,31.0,-55.0,0.0,top
U_COMP._104_.P2,33.0,-55.0,0.0,top
U_COMP._105_.N1,25.0,-51.0,0.0,top
U_COMP._105_.N2,27.0,-51.0,0.0,top
U_COMP._105_.N3,29.0,-51.0,0.0,top
U_COMP._105_.N4,31.0,-51.0,0.0,top
U_COMP._105_.N5,33.0,-51.0,0.0,top
U_COMP._105_.P1,25.0,-49.0,180.0,top
U_COMP._105_.P2,29.0,-49.0,180.0,top
U_COMP._105_.P3,27.0,-49.0,180.0,top
U_COMP._105_.P4,31.0,-49.0,180.0,top
U_COMP._105_.P5,33.0,-49.0,180.0,top
U_COMP._106_.NAND4.N1,27.0,-59.0,0.0,top
U_COMP._106_.NAND4.N2,29.0,-59.0,0.0,top
U_COMP._106_.NAND4.N3,31.0,-59.0,0.0,top
U_COMP._106_.NAND4.N4,33.0,-59.0,0.0,top
U_COMP._106_.NAND4.P1,27.0,-57.0,180.0,top
U_COMP._106_.NAND4.P2,29.0,-57.0,180.0,top
U_COMP._106_.NAND4.P3,31.0,-57.0,180.0,top
U_COMP._106_.NAND4.P4,33.0,-57.0,180.0,top
U_COMP._106_.NOT1.N1,25.0,-59.0,0.0,top
U_COMP._106_.NOT1.P1,25.0,-57.0,180.0,top
U_COMP._107_.N1,21.0,-43.0,0.0,top
U_COMP._107_.N2,23.0,-43.0,0.0,top
U_COMP._107_.N3,25.0,-43.0,0.0,top
U_COMP._107_.P1,21.0,-41.0,180.0,top
U_COMP._107_.P2,23.0,-41.0,180.0,top
U_COMP._107_.P3,25.0,-41.0,180.0,top
U_COMP._108_.N1,21.0,-19.0,0.0,top
U_COMP._108_.N2,23.0,-19.0,0.0,top
U_COMP._108_.N3,25.0,-19.0,0.0,top
U_COMP._108_.P1,21.0,-17.0,180.0,top
U_COMP._108_.P2,23.0,-17.0,180.0,top
U_COMP._108_.P3,25.0,-17.0,180.0,top
U_COMP._109_.N1,21.0,-37.0,180.0,top
U_COMP._109_.N2,23.0,-37.0,180.0,top
U_COMP._109_.P1,21.0,-39.0,0.0,top
U_COMP._109_.P2,23.0,-39.0,0.0,top
U_COMP._110_.N1,27.0,-43.0,0.0,top
U_COMP._110_.N2,29.0,-43.0,0.0,top
U_COMP._110_.N3,31.0,-43.0,0.0,top
U_COMP._110_.P1,27.0,-41.0,180.0,top
U_COMP._110_.P2,29.0,-41.0,180.0,top
U_COMP._110_.P3,31.0,-41.0,180.0,top
U_COMP._111_.N1,27.0,-19.0,0.0,top
U_COMP._111_.N2,29.0,-19.0,0.0,top
U_COMP._111_.N3,31.0,-19.0,0.0,top
U_COMP._111_.P1,27.0,-17.0,180.0,top
U_COMP._111_.P2,29.0,-17.0,180.0,top
U_COMP._111_.P3,31.0,-17.0,180.0,top
U_COMP._112_.NAND1.N1,25.0,-37.0,180.0,top
U_COMP._112_.NAND1.N2,27.0,-37.0,180.0,top
U_COMP._112_.NAND1.N3,29.0,-37.0,180.0,top
U_COMP._112_.NAND1.N4,31.0,-37.0,180.0,top
U_COMP._112_.NAND1.P1,25.0,-39.0,0.0,top
U_COMP._112_.NAND1.P2,27.0,-39.0,0.0,top
U_COMP._112_.NAND1.P3,29.0,-39.0,0.0,top
U_COMP._112_.NAND1.P4,31.0,-39.0,0.0,top
U_COMP._112_.NOT1.N1,33.0,-37.0,180.0,top
U_COMP._112_.NOT1.P1,33.0,-39.0,0.0,top
U_COMP._113_.N1,22.0,-27.0,0.0,top
U_COMP._113_.N2,24.0,-27.0,0.0,top
U_COMP._113_.N3,26.0,-27.0,0.0,top
U_COMP._113_.N4,28.0,-27.0,0.0,top
U_COMP._113_.P1,22.0,-25.0,180.0,top
U_COMP._113_.P2,24.0,-25.0,180.0,top
U_COMP._113_.P3,26.0,-25.0,180.0,top
U_COMP._113_.P4,28.0,-25.0,180.0,top
U_COMP._114_.N1,31.0,-27.0,0.0,top
U_COMP._114_.N2,33.0,-27.0,0.0,top
U_COMP._114_.P1,31.0,-25.0,180.0,top
U_COMP._114_.P2,33.0,-25.0,180.0,top
U_COMP._115_.N1,23.0,-21.0,180.0,top
U_COMP._115_.N2,25.0,-21.0,180.0,top
U_COMP._115_.N3,27.0,-21.0,180.0,top
U_COMP._115_.P1,23.0,-23.0,0.0,top
U_COMP._115_.P2,25.0,-23.0,0.0,top
U_COMP._115_.P3,27.0,-23.0,0.0,top
U_COMP._116_.NAND4.N1,27.0,-29.0,180.0,top
U_COMP._116_.NAND4.N2,29.0,-29.0,180.0,top
U_COMP._116_.NAND4.N3,31.0,-29.0,180.0,top
U_COMP._116_.NAND4.N4,33.0,-29.0,180.0,top
U_COMP._116_.NAND4.P1,27.0,-31.0,0.0,top
U_COMP._116_.NAND4.P2,29.0,-31.0,0.0,top
U_COMP._116_.NAND4.P3,31.0,-31.0,0.0,top
U_COMP._116_.NAND4.P4,33.0,-31.0,0.0,top
U_COMP._116_.NOT1.N1,25.0,-29.0,180.0,top
U_COMP._116_.NOT1.P1,25.0,-31.0,0.0,top
U_COMP._117_.N1,31.0,-35.0,0.0,top
U_COMP._117_.N2,33.0,-35.0,0.0,top
U_COMP._117_.P1,31.0,-33.0,180.0,top
U_COMP._117_.P2,33.0,-33.0,180.0,top
U_COMP._118_.N1,29.0,-21.0,180.0,top
U_COMP._118_.N2,31.0,-21.0,180.0,top
U_COMP._118_.N3,33.0,-21.0,180.0,top
U_COMP._118_.P1,29.0,-23.0,0.0,top
U_COMP._118_.P2,31.0,-23.0,0.0,top
U_COMP._118_.P3,33.0,-23.0,0.0,top
U_COMP._119_.N1,21.0,-35.0,0.0,top
U_COMP._119_.N2,23.0,-35.0,0.0,top
U_COMP._119_.P1,21.0,-33.0,180.0,top
U_COMP._119_.P2,23.0,-33.0,180.0,top
U_COMP._120_.N1,25.0,-35.0,0.0,top
U_COMP._120_.N2,27.0,-35.0,0.0,top
U_COMP._120_.N3,29.0,-35.0,0.0,top
U_COMP._120_.P1,25.0,-33.0,180.0,top
U_COMP._120_.P2,27.0,-33.0,180.0,top
U_COMP._120_.P3,29.0,-33.0,180.0,top
U_COMP._121_.N1,21.0,-67.0,0.0,top
U_COMP._121_.N2,23.0,-67.0,0.0,top
U_COMP._121_.N3,25.0,-67.0,0.0,top
U_COMP._121_.N4,27.0,-67.0,0.0,top
U_COMP._121_.P1,21.0,-65.0,180.0,top
U_COMP._121_.P2,23.0,-65.0,180.0,top
U_COMP._121_.P3,25.0,-65.0,180.0,top
U_COMP._121_.P4,27.0,-65.0,180.0,top
U_COMP._122_.N1,21.0,-53.0,180.0,top
U_COMP._122_.N2,23.0,-53.0,180.0,top
U_COMP._122_.N3,25.0,-53.0,180.0,top
U_COMP._122_.N4,27.0,-53.0,180.0,top
U_COMP._122_.P1,21.0,-55.0,0.0,top
U_COMP._122_.P2,23.0,-55.0,0.0,top
U_COMP._122_.P3,25.0,-55.0,0.0,top
U_COMP._122_.P4,27.0,-55.0,0.0,top
U_COMP._123_.NOT1.N1,31.0,-61.0,180.0,top
U_COMP._123_.NOT1.P1,31.0,-63.0,0.0,top
U_COMP._123_.OAI.N1,25.0,-61.0,180.0,top
U_COMP._123_.OAI.N2,27.0,-61.0,180.0,top
U_COMP._123_.OAI.N3,29.0,-61.0,180.0,top
U_COMP._123_.OAI.P1,25.0,-63.0,0.0,top
U_COMP._123_.OAI.P2,27.0,-63.0,0.0,top
U_COMP._123_.OAI.P3,29.0,-63.0,0.0,top
U_COMP._124_.N1,25.0,-45.0,180.0,top
U_COMP._124_.N2,27.0,-45.0,180.0,top
U_COMP._124_.N3,29.0,-45.0,180.0,top
U_COMP._124_.N4,31.0,-45.0,180.0,top
U_COMP._124_.N5,33.0,-45.0,180.0,top
U_COMP._124_.P1,25.0,-47.0,0.0,top
U_COMP._124_.P2,27.0,-47.0,0.0,top
U_COMP._124_.P3,29.0,-47.0,0.0,top
U_COMP._124_.P4,31.0,-47.0,0.0,top
U_COMP._124_.P5,33.0,-47.0,0.0,top
